City_ID,City,Country,Lat,Long,Max Temp,Humidity,Cloudiness,Wind Speed,Current Description
0,Kapaa,US,22.0752,-159.319,77.32,78,75,11.5,moderate rain
1,Hovd,MN,48.0056,91.6419,47.1,37,4,7.92,clear sky
2,Hithadhoo,MV,-0.6,73.0833,81.82,79,72,18.9,light rain
3,Napanee,CA,44.2501,-76.9494,69.84,97,100,8.63,moderate rain
4,Ampanihy,MG,-24.7,44.75,68.27,72,37,17.13,scattered clouds
5,Nampula,MZ,-15.1165,39.2666,76.95,57,40,11.5,scattered clouds
6,Ugoofaaru,MV,5.6667,73,83.37,77,99,17.49,overcast clouds
7,Hobart,AU,-42.8794,147.3294,51.26,67,47,3,scattered clouds
8,Thompson,CA,55.7435,-97.8558,51.96,93,90,2.3,overcast clouds
9,Tasiilaq,GL,65.6145,-37.6368,39.36,54,93,4.45,overcast clouds
10,Jamestown,US,42.097,-79.2353,62.51,51,75,5.01,broken clouds
11,Bredasdorp,ZA,-34.5322,20.0403,67.32,52,26,23.02,scattered clouds
12,Barrow,US,71.2906,-156.7887,24.82,86,75,5.75,broken clouds
13,Punta Arenas,CL,-53.15,-70.9167,48.31,46,20,28.77,few clouds
14,Nikolskoye,RU,59.7035,30.7861,46.29,90,99,8.97,overcast clouds
15,Mataura,NZ,-46.1927,168.8643,47.48,94,87,11.9,overcast clouds
16,Khatanga,RU,71.9667,102.5,33.76,98,100,5.59,overcast clouds
17,Rikitea,PF,-23.1203,-134.9692,74.07,70,9,23.53,clear sky
18,Carnarvon,AU,-24.8667,113.6333,69.87,73,0,14.97,clear sky
19,Bethel,US,41.3712,-73.414,79.65,83,75,3,broken clouds
20,Vila Franca Do Campo,PT,37.7167,-25.4333,72.01,59,43,8.12,scattered clouds
21,Yellowknife,CA,62.456,-114.3525,46.92,100,90,8.05,overcast clouds
22,Sumenep,ID,-7.0167,113.8667,82.09,74,100,12.97,overcast clouds
23,Ushuaia,AR,-54.8,-68.3,49.62,40,20,19.57,few clouds
24,Cape Town,ZA,-33.9258,18.4232,67.12,73,20,1.99,few clouds
25,Baijiantan,CN,45.6333,85.1833,64.09,21,61,0.29,broken clouds
26,Chapais,CA,49.7834,-74.8492,46.18,78,100,10.25,overcast clouds
27,Bluff,NZ,-46.6,168.3333,47.8,71,73,29.24,broken clouds
28,Port Blair,IN,11.6667,92.75,79.72,81,100,12.21,overcast clouds
29,Vila Velha,BR,-20.3297,-40.2925,75.15,50,75,17.27,broken clouds
30,East London,ZA,-33.0153,27.9116,70.74,73,0,6.91,clear sky
31,Victoria,HK,22.2855,114.1577,84.33,87,83,17.74,broken clouds
32,Marzuq,YE,14.4,46.4667,85.48,15,2,5.93,clear sky
33,Mahebourg,MU,-20.4081,57.7,73.69,73,75,10.36,broken clouds
34,Apac,UG,1.9756,32.5386,74.21,66,41,1.54,scattered clouds
35,Avera,US,33.194,-82.5271,70.93,52,0,6.73,clear sky
36,Pau Brasil,BR,-15.4642,-39.6511,77.72,54,99,6.85,overcast clouds
37,Busselton,AU,-33.65,115.3333,49.08,76,0,11.88,clear sky
38,Faanui,PF,-16.4833,-151.75,77.13,71,14,8.63,few clouds
39,Narsingdi,BD,23.9208,90.7181,86.02,71,15,3.67,few clouds
40,Mandalgovi,MN,45.7625,106.2708,50.7,61,23,6.85,few clouds
41,Saskylakh,RU,71.9167,114.0833,34.03,98,100,12.03,overcast clouds
42,Cam Ranh,VN,11.9214,109.1591,78.76,94,75,4.61,broken clouds
43,Bengkulu,ID,-3.8004,102.2655,76.8,90,74,4.27,broken clouds
44,Aklavik,CA,68.2191,-135.0107,30.92,97,100,3.96,light snow
45,Aksay,RU,47.26,39.87,59.27,52,100,1.45,overcast clouds
46,Maragogi,BR,-9.0122,-35.2225,83.12,64,26,9.62,scattered clouds
47,Dublin,US,37.7021,-121.9358,73.24,69,1,0,mist
48,Hermanus,ZA,-34.4187,19.2345,66.9,80,31,16.31,scattered clouds
49,Buluang,PH,13.3068,123.3425,76.6,92,18,3.15,few clouds
50,Port Hardy,CA,50.6996,-127.4199,50,100,75,5.75,broken clouds
51,Sola,VU,-13.8833,167.55,74.07,100,40,0,scattered clouds
52,Alofi,NU,-19.0595,-169.9187,66.09,94,34,4.61,scattered clouds
53,Tatawin,TN,32.9297,10.4518,95.88,41,99,16.2,overcast clouds
54,Arraial Do Cabo,BR,-22.9661,-42.0278,73.36,56,40,13.8,scattered clouds
55,Necochea,AR,-38.5473,-58.7368,63.03,88,100,8.99,overcast clouds
56,Atuona,PF,-9.8,-139.0333,77.7,73,4,16.91,clear sky
57,Cairns,AU,-16.9167,145.7667,70.11,68,90,8.05,overcast clouds
58,Butaritari,KI,3.0707,172.7902,81.79,75,77,13.98,light rain
59,Poya,NC,-21.35,165.15,61.52,75,25,7.7,scattered clouds
60,Malanje,AO,-9.5402,16.341,91.04,13,91,6.29,overcast clouds
61,Kenai,US,60.5544,-151.2583,42.03,70,90,24.16,overcast clouds
62,Podgornoye,RU,51.735,39.1496,50.22,71,75,2.24,broken clouds
63,Ribeira Grande,PT,38.5167,-28.7,73.8,64,20,14.97,few clouds
64,Ryotsu,JP,38.0833,138.4333,70.83,76,49,14.79,scattered clouds
65,Dorsten,DE,51.6667,6.9667,68.09,72,100,12.64,overcast clouds
66,Clyde River,CA,70.4692,-68.5914,30.43,93,90,19.57,overcast clouds
67,Dikson,RU,73.5069,80.5464,35.1,63,80,6.33,broken clouds
68,Inirida,CO,3.8653,-67.9239,77.05,87,100,3.44,overcast clouds
69,Mochalishche,RU,56.3306,48.3547,48.97,90,100,10.67,light rain
70,Fallon,US,39.4735,-118.7774,64.45,39,1,4.61,clear sky
71,Port Elizabeth,ZA,-33.918,25.5701,71.89,37,0,20.71,clear sky
72,Kokkola,FI,63.8385,23.1307,48.92,71,0,18.41,clear sky
73,Avarua,CK,-21.2078,-159.775,71.65,56,40,8.05,scattered clouds
74,Chokurdakh,RU,70.6333,147.9167,26.65,93,100,5.14,overcast clouds
75,Iqaluit,CA,63.7506,-68.5145,31.73,80,20,11.5,few clouds
76,Tulsipur,NP,28.131,82.2973,76.06,93,20,3.36,few clouds
77,Kavieng,PG,-2.5744,150.7967,81.5,76,100,11.21,light rain
78,Camacha,PT,33.0833,-16.3333,72.82,57,40,13.8,scattered clouds
79,Baykit,RU,61.67,96.37,33.93,97,100,5.26,light rain
80,Numan,NG,9.4667,12.0333,83.39,74,85,1.74,overcast clouds
81,Kozhva,RU,65.1073,57.0459,40.57,92,100,3.85,overcast clouds
82,Castro,BR,-24.7911,-50.0119,68.36,39,32,6.2,scattered clouds
83,Qaanaaq,GL,77.484,-69.3632,18.7,62,18,5.66,few clouds
84,Norman Wells,CA,65.282,-126.8329,28.44,100,75,3.44,broken clouds
85,Bandarbeyla,SO,9.4942,50.8122,78.58,82,70,25.81,broken clouds
86,Okahandja,NA,-21.9833,16.9167,95.31,6,36,15.57,scattered clouds
87,Salumbar,IN,24.1333,74.05,79.14,85,87,2.8,overcast clouds
88,Kjollefjord,NO,70.9457,27.3465,48.02,66,40,11.5,scattered clouds
89,Bereda,ES,43.2686,-7.5406,72,76,50,8.34,scattered clouds
90,Ahipara,NZ,-35.1667,173.1667,56.73,89,100,18.86,overcast clouds
91,Vicuna,CL,-30.0319,-70.7081,86.77,6,0,7.67,clear sky
92,Luderitz,NA,-26.6481,15.1594,63.91,64,1,17.05,clear sky
93,Narsaq,GL,60.9167,-46.05,41.22,56,46,5.75,scattered clouds
94,San Quintin,MX,30.4833,-115.95,76.73,66,76,6.73,broken clouds
95,Ponta Delgada,PT,37.7333,-25.6667,72.32,68,75,11.5,broken clouds
96,Ekhabi,RU,53.5102,142.9671,48.04,89,99,9.82,overcast clouds
97,Poum,NC,-20.2333,164.0167,68.88,67,69,15.84,broken clouds
98,Olafsvik,IS,64.8945,-23.7142,40.35,97,100,18.72,overcast clouds
99,Juneau,US,58.3019,-134.4197,45.84,92,90,21.85,light rain
100,Puerto Ayora,EC,-0.7393,-90.3518,75.16,84,96,10.31,overcast clouds
101,Port Alfred,ZA,-33.5906,26.891,70.3,56,100,12.82,overcast clouds
102,Bilma,NE,18.6853,12.9164,101.23,7,14,1.05,few clouds
103,Coquimbo,CL,-29.9533,-71.3436,60.53,67,0,9.22,clear sky
104,Labuhan,ID,-6.8844,112.2051,81.7,74,90,8.41,overcast clouds
105,Galdar,ES,28.147,-15.6502,77.5,66,18,9.6,few clouds
106,Markova,UA,48.6758,24.4138,53.19,76,100,6.44,overcast clouds
107,Bagan,RU,54.1001,77.6646,36.82,82,58,7.02,broken clouds
108,Katima Mulilo,NA,-17.5,24.2667,87.6,16,30,5.68,scattered clouds
109,Usinsk,RU,65.9939,57.5281,39.47,83,100,7.52,overcast clouds
110,Vaini,TO,-21.2,-175.2,71.76,88,75,4.61,light rain
111,Pevek,RU,69.7008,170.3133,28.18,96,100,3.02,light snow
112,Katsuura,JP,35.1333,140.3,73.51,84,93,7.7,overcast clouds
113,Khandyga,RU,62.6667,135.6,37.15,81,14,1.68,few clouds
114,San Patricio,US,28.017,-97.5169,82.87,35,3,6.73,clear sky
115,Tiksi,RU,71.6872,128.8694,36.81,95,100,21.63,light rain
116,Kodiak,US,57.79,-152.4072,44.11,81,90,14.97,moderate rain
117,Qandala,SO,11.472,49.8728,90.09,57,40,0.65,scattered clouds
118,Bambous Virieux,MU,-20.3428,57.7575,73.65,73,75,10.36,broken clouds
119,Awjilah,LY,29.1081,21.2869,96.96,12,0,12.66,clear sky
120,Kahului,US,20.8947,-156.47,72.97,83,75,3.44,broken clouds
121,Kavaratti,IN,10.5669,72.642,82.51,77,75,16.4,broken clouds
122,Airai,TL,-8.9266,125.4092,58.01,80,96,1.92,overcast clouds
123,Lagoa,PT,39.05,-27.9833,69.03,65,56,10.71,broken clouds
124,Abu Samrah,SY,35.3029,37.1841,73.2,60,0,27.18,clear sky
125,Saint-Philippe,RE,-21.3585,55.7679,71.19,79,38,12.93,scattered clouds
126,Mikhaylovka,RU,50.06,43.2379,50.67,71,100,4.9,overcast clouds
127,Wetaskiwin,CA,52.9668,-113.3687,48.79,51,100,12.17,overcast clouds
128,Santa Cruz,BO,-17.8,-63.1667,82.45,42,75,19.57,broken clouds
129,Rawson,AR,-43.3002,-65.1023,68.14,32,0,10.13,clear sky
130,Pisco,PE,-13.7,-76.2167,66.02,72,75,8.05,broken clouds
131,Hasaki,JP,35.7333,140.8333,72,74,97,12.33,overcast clouds
132,Omboue,GA,-1.5746,9.2618,79.74,75,84,10.83,broken clouds
133,Yamasaki,JP,35,134.55,62.2,84,79,4.76,broken clouds
134,Strezhevoy,RU,60.7333,77.5889,39.18,97,100,9.44,overcast clouds
135,Guerrero Negro,MX,27.9769,-114.0611,76.08,68,5,4.43,clear sky
136,Xining,CN,36.6167,101.7667,59.5,58,100,4.76,light rain
137,Carmen,MX,18.6333,-91.8333,82.44,74,20,0,few clouds
138,Srednekolymsk,RU,67.45,153.6833,35.26,70,100,5.53,overcast clouds
139,Lermontovka,RU,47.1453,134.3383,43.34,84,0,4.54,clear sky
140,Fortuna,US,40.5982,-124.1573,54.52,96,1,8.05,clear sky
141,Pangnirtung,CA,66.1451,-65.7125,35.6,64,75,13.8,broken clouds
142,Los Llanos De Aridane,ES,28.6585,-17.9182,73.15,77,75,12.66,volcanic ash
143,Illapel,CL,-31.6308,-71.1653,80.51,15,0,6.49,clear sky
144,Albany,US,42.6001,-73.9662,80.62,72,97,14.61,overcast clouds
145,Hilo,US,19.7297,-155.09,71.8,86,90,5.75,overcast clouds
146,Beian,NO,63.6559,9.5683,51.01,93,75,14.97,broken clouds
147,Chernyshevskiy,RU,63.0128,112.4714,38.05,87,98,2.57,overcast clouds
148,Mar Del Plata,AR,-38.0023,-57.5575,59.02,77,90,5.75,moderate rain
149,Sao Jose Da Coroa Grande,BR,-8.8978,-35.1478,82.83,63,29,9.13,scattered clouds
150,Lebu,CL,-37.6167,-73.65,56.64,63,26,10.87,scattered clouds
151,Ambon,ID,-3.6954,128.1814,75.34,94,75,4.61,moderate rain
152,Monastyrshchina,RU,54.3496,31.838,41.54,94,100,4.61,overcast clouds
153,Kushikino,JP,31.7167,130.2667,71.62,79,36,5.99,scattered clouds
154,Nalut,LY,30.3333,10.85,97.65,8,25,4.68,scattered clouds
155,Kungurtug,RU,50.5994,97.5228,41.32,43,100,1.41,overcast clouds
156,Birin,NP,26.8865,88.0718,62.29,92,37,3.22,scattered clouds
157,Razole,IN,16.4833,81.8333,80.89,87,93,4.43,overcast clouds
158,Saint George,US,37.1041,-113.5841,77.54,24,1,3.44,clear sky
159,Tommot,RU,58.9564,126.2925,46.99,94,100,3.4,overcast clouds
160,Nome,US,64.5011,-165.4064,24.87,74,1,3.44,clear sky
161,Ahuimanu,US,21.4447,-157.8378,76.71,76,40,5.75,scattered clouds
162,Morant Bay,JM,17.8815,-76.4093,89.22,71,18,5.73,few clouds
163,Maxixe,MZ,-23.8597,35.3472,73.22,60,40,6.91,scattered clouds
164,Upernavik,GL,72.7868,-56.1549,26.65,75,68,7,broken clouds
165,Provideniya,RU,64.3833,-173.3,32.5,76,97,2.57,overcast clouds
166,Serabu,SL,7.7958,-12.0536,81.88,85,92,4.79,moderate rain
167,Oranjestad,AW,12.524,-70.027,89.55,66,20,19.57,few clouds
168,Glenwood Springs,US,39.5505,-107.3248,63.63,25,1,0,clear sky
169,College,US,64.8569,-147.8028,31.8,71,75,8.05,broken clouds
170,Juba,SS,4.8517,31.5825,82.18,51,50,4.25,scattered clouds
171,Chuy,UY,-33.6971,-53.4616,56.7,89,100,5.19,overcast clouds
172,Lubango,AO,-14.9172,13.4925,89.46,3,20,9.22,haze
173,Hwange,ZW,-18.3693,26.5019,82.94,29,55,6.96,broken clouds
174,Lorengau,PG,-2.0226,147.2712,79.72,83,96,9.95,overcast clouds
175,Ankang,CN,32.68,109.0172,72.21,94,98,1.39,overcast clouds
176,Sinnamary,GF,5.3833,-52.95,87.8,59,36,11.65,scattered clouds
177,Longyearbyen,SJ,78.2186,15.6401,46.24,61,40,4.61,scattered clouds
178,Sampang,ID,-7.1872,113.2394,82.35,78,96,8.61,overcast clouds
179,Kangaatsiaq,GL,68.3065,-53.4641,28.96,77,81,4.45,broken clouds
180,Altay,CN,47.8667,88.1167,45.79,37,93,4.56,light rain
181,Ponta Do Sol,PT,32.6667,-17.1,75.83,74,100,5.68,overcast clouds
182,Zhigansk,RU,66.7697,123.3711,40.6,76,99,5.01,overcast clouds
183,Bud,US,39.447,-86.1758,61.83,77,78,14.05,broken clouds
184,Lahij,YE,13.1667,44.5833,92.07,38,9,4.65,clear sky
185,Uvat,RU,59.1433,68.8953,40.03,91,91,6.17,overcast clouds
186,Torbay,CA,47.6666,-52.7314,71.28,73,75,12.66,broken clouds
187,Cherskiy,RU,68.75,161.3,28.54,97,100,5.17,light snow
188,Cidreira,BR,-30.1811,-50.2056,64.29,68,74,21.32,broken clouds
189,Guiratinga,BR,-16.3494,-53.7583,106.32,12,0,3.89,clear sky
190,Kruisfontein,ZA,-34.0033,24.7314,67.89,62,84,22.82,broken clouds
191,Mujiayingzi,CN,42.1167,118.7833,58.93,89,79,2.42,broken clouds
192,Georgetown,MY,5.4112,100.3354,82.89,81,20,0,few clouds
193,Salinopolis,BR,-0.6136,-47.3561,86.63,61,69,11.03,broken clouds
194,Darovskoy,RU,58.77,47.9564,45.82,85,100,7.31,overcast clouds
195,Cockburn Town,TC,21.4612,-71.1419,82.72,73,89,3.38,overcast clouds
196,Port Macquarie,AU,-31.4333,152.9167,49.96,100,0,3.44,clear sky
197,Raga,SS,8.4596,25.678,80.87,71,55,3.15,broken clouds
198,Kaitangata,NZ,-46.2817,169.8464,47.61,92,58,15.59,broken clouds
199,Eureka,US,40.8021,-124.1637,54.79,89,98,3.65,overcast clouds
200,Moranbah,AU,-22.0016,148.0466,57.13,76,0,7.36,clear sky
201,Burley,US,42.5357,-113.7928,57.16,51,20,6.91,few clouds
202,Cervo,ES,43.6702,-7.4101,72.19,82,95,13.49,overcast clouds
203,Saldanha,ZA,-33.0117,17.9442,66.25,85,15,6.91,few clouds
204,Acarau,BR,-2.8856,-40.12,88.48,55,49,18.77,scattered clouds
205,Olinda,BR,-8.0089,-34.8553,82.13,61,40,10.36,scattered clouds
206,Lilongwe,MW,-13.9669,33.7873,73.6,49,0,11.5,clear sky
207,Deputatskiy,RU,69.3,139.9,32.47,85,100,3.96,overcast clouds
208,Marsh Harbour,BS,26.5412,-77.0636,85.26,66,66,8.97,broken clouds
209,Inverness,GB,57.4791,-4.224,57.11,62,20,5.75,few clouds
210,Kulhudhuffushi,MV,6.6221,73.07,82.99,76,24,17.58,few clouds
211,Nizhniy Kuranakh,RU,58.8353,125.4869,47.46,81,100,5.19,overcast clouds
212,Karla,EE,59.3723,24.9275,50.58,69,75,16.11,broken clouds
213,Biak,ID,-0.9131,122.8766,74.3,90,89,5.48,overcast clouds
214,Kutum,SD,14.2,24.6667,87.69,21,92,5.84,overcast clouds
215,Cabo San Lucas,MX,22.8909,-109.9124,87.15,79,1,0,clear sky
216,Souillac,MU,-20.5167,57.5167,73.78,73,75,10.36,broken clouds
217,Tateyama,JP,34.9833,139.8667,73.42,79,100,12.8,overcast clouds
218,Kudahuvadhoo,MV,2.6708,72.8944,83.14,76,70,18.1,broken clouds
219,Vardo,NO,70.3705,31.1107,46.6,71,0,24.16,clear sky
220,Saint-Joseph,RE,-21.3667,55.6167,70.18,78,44,13.31,scattered clouds
221,Tripoli,LY,32.8752,13.1875,82.47,70,61,16.35,broken clouds
222,Kiomboi,TZ,-4.2667,34.3667,75.97,33,100,10.07,overcast clouds
223,Lavrentiya,RU,65.5833,-171,30.69,68,83,0.92,broken clouds
224,Hamilton,US,39.1834,-84.5333,62.73,77,90,1.01,overcast clouds
225,Yelan,RU,50.949,43.7378,49.12,86,100,3.62,overcast clouds
226,Lasa,IT,46.6166,10.7002,70.54,57,44,0.81,scattered clouds
227,Yumen,CN,40.2833,97.2,65.44,28,100,6.24,overcast clouds
228,Anadyr,RU,64.75,177.4833,32.5,100,90,2.24,snow
229,Cosala,MX,24.4125,-106.6908,82.51,60,15,1.14,few clouds
230,Half Moon Bay,US,37.4636,-122.4286,69.78,91,90,0,fog
231,Guaruja,BR,-23.9931,-46.2564,74.8,49,75,9.22,broken clouds
232,Hami,CN,42.8,93.45,69.87,18,70,5.59,broken clouds
233,Isangel,VU,-19.55,169.2667,71.71,68,91,14.97,overcast clouds
234,Yenagoa,NG,4.9247,6.2642,76.84,92,100,2.06,overcast clouds
235,Bridlington,GB,54.0831,-0.1919,65.89,77,87,8.28,overcast clouds
236,Bay Roberts,CA,47.5999,-53.2648,72.05,71,6,5.99,clear sky
237,Jalu,LY,29.0331,21.5482,97.05,12,0,13.27,clear sky
238,Hofn,IS,64.2539,-15.2082,39.22,81,90,3.44,mist
239,Bambanglipuro,ID,-7.95,110.2833,77.25,86,93,7.52,overcast clouds
240,Loa Janan,ID,-0.583,117.095,73.67,95,84,0.43,broken clouds
241,Tuatapere,NZ,-46.1333,167.6833,47.82,79,68,13.78,broken clouds
242,Seoul,KR,37.5683,126.9778,65.59,85,0,2.3,clear sky
243,Tadine,NC,-21.55,167.8833,66.42,63,29,15.23,scattered clouds
244,Vagay,RU,57.9375,69.0217,38.21,91,74,4.68,broken clouds
245,Sao Joao Da Barra,BR,-21.6403,-41.0511,73.49,52,57,13.94,broken clouds
246,Orodara,BF,10.9492,-4.9342,88.18,51,43,4.25,scattered clouds
247,Neiafu,TO,-18.65,-173.9833,74.08,94,75,2.3,light intensity shower rain
248,Yelizovo,RU,53.1873,158.3805,44.74,93,20,4.47,few clouds
249,Vao,NC,-22.6667,167.4833,66.49,59,2,16.53,clear sky
250,Ossora,RU,59.2353,163.0719,44.1,85,72,5.06,broken clouds
251,Egvekinot,RU,66.3167,-179.1667,24.78,96,100,2.71,light snow
252,Zheleznodorozhnyy,RU,55.7503,38.0042,52.02,96,99,3.65,light rain
253,Achhnera,IN,27.1833,77.7667,84.2,69,92,7.18,overcast clouds
254,Mitsamiouli,KM,-11.3847,43.2844,80.89,74,20,10.36,few clouds
255,Tulun,RU,54.5611,100.5792,41.65,84,100,6.38,overcast clouds
256,Grindavik,IS,63.8424,-22.4338,43.27,87,90,21.85,overcast clouds
257,Itarema,BR,-2.9248,-39.9167,88.03,55,43,17.54,scattered clouds
258,Sitka,US,57.0531,-135.33,51.69,71,90,24.16,light rain
259,Tottori,JP,35.5,134.2333,66.09,82,99,4.94,overcast clouds
260,Guarapari,BR,-20.6667,-40.4975,75.09,56,74,12.41,broken clouds
261,Tuktoyaktuk,CA,69.4541,-133.0374,32,86,90,10.36,light snow
262,Saint-Augustin,CA,51.226,-58.6502,49.89,88,100,8.43,overcast clouds
263,Rio Claro,BR,-22.4114,-47.5614,80.42,30,22,5.77,few clouds
264,Alice Springs,AU,-23.7,133.8833,51.35,30,6,5.75,clear sky
265,Ancud,CL,-41.8697,-73.8203,55.42,68,97,8.66,overcast clouds
266,Yuzhou,CN,34.1628,113.4639,75.47,79,100,7.43,light rain
267,Olyka,UA,50.7186,25.8125,53.94,76,100,10.85,overcast clouds
268,Gat,IL,31.61,34.7642,79.81,19,0,11.48,clear sky
269,Castenaso,IT,44.5089,11.4698,75.16,43,0,3,clear sky
270,Mayo,US,38.8876,-76.5119,67.95,94,90,1.01,overcast clouds
271,Maningrida,AU,-12.0667,134.2667,73.18,71,100,8.81,overcast clouds
272,Shakawe,BW,-18.3667,21.85,90.64,11,34,7.29,scattered clouds
273,Apeldoorn,NL,52.21,5.9694,66.54,77,75,9.22,broken clouds
274,Dukat,RU,62.55,155.55,32.54,87,26,2.64,scattered clouds
275,Emborion,GR,40.4833,21.55,63.66,31,0,4.92,clear sky
276,Mwinilunga,ZM,-11.7358,24.4293,83.19,17,81,8.37,broken clouds
277,Natal,BR,-5.795,-35.2094,91.62,55,40,17.27,scattered clouds
278,Hannibal,US,39.7084,-91.3585,68.92,37,1,6.91,clear sky
279,Lompoc,US,34.6391,-120.4579,60.48,97,90,4.61,mist
280,Weiser,US,44.251,-116.9693,61.48,50,98,2.68,overcast clouds
281,Dickinson,US,29.4608,-95.0513,80.19,48,1,1.99,clear sky
282,Hit,IQ,33.6416,42.8251,89.87,19,0,11.07,clear sky
283,Yamada,JP,39.4667,141.95,64.22,87,1,6.4,clear sky
284,Tamandare,BR,-8.7597,-35.1047,83.05,62,33,9.17,scattered clouds
285,Show Low,US,34.2542,-110.0298,75.72,36,1,11.5,clear sky
286,Annau,TM,37.8876,58.516,87.3,16,0,9.22,clear sky
287,Cayenne,GF,4.9333,-52.3333,91.44,69,40,3,scattered clouds
288,Miri,MY,4.4148,114.0089,78.94,94,40,5.75,scattered clouds
289,Bereznik,RU,62.8551,42.7072,45.91,88,100,7.58,overcast clouds
290,Alyangula,AU,-13.8483,136.4192,64.27,88,27,0,scattered clouds
291,Brigantine,US,39.4101,-74.3646,82.04,80,75,25.32,broken clouds
292,Lock Haven,US,41.137,-77.4469,68.85,94,98,4,overcast clouds
293,Lavello,IT,41.0456,15.7908,68.77,37,57,9.15,broken clouds
294,Sobolevo,RU,54.4299,31.8996,41.47,95,100,4.79,overcast clouds
295,Oranjemund,NA,-28.55,16.4333,60.33,77,1,11.77,clear sky
296,Exeter,GB,50.7236,-3.5275,69.12,86,94,11.86,overcast clouds
297,Indramayu,ID,-6.3264,108.32,81.23,80,51,10.09,broken clouds
298,Palmer,US,42.1584,-72.3287,80.15,66,75,7,broken clouds
299,Zyryanka,RU,65.75,150.85,34.52,73,10,5.97,clear sky
300,Maceio,BR,-9.6658,-35.7353,89.04,62,75,11.5,broken clouds
301,Port Hedland,AU,-20.3167,118.5667,68.05,64,95,2.3,overcast clouds
302,Gornopravdinsk,RU,60.05,69.9,36.43,91,81,4.18,broken clouds
303,New Norfolk,AU,-42.7826,147.0587,50.92,69,50,1.99,scattered clouds
304,Terracina,IT,41.2863,13.2217,80.83,63,7,8.59,clear sky
305,Grand Gaube,MU,-20.0064,57.6608,73.8,71,3,11.99,clear sky
306,Rovaniemi,FI,66.5,25.7167,42.21,70,0,13.8,clear sky
307,Inuvik,CA,68.3499,-133.7218,31.21,100,75,2.3,light snow
308,Naze,JP,28.3667,129.4833,75.67,69,0,8.01,clear sky
309,Nioro,GM,13.35,-15.75,88.97,64,79,4.43,broken clouds
310,Sindor,RU,62.8629,51.8905,41.02,86,7,4.9,clear sky
311,Te Anau,NZ,-45.4167,167.7167,43.93,80,74,8.52,broken clouds
312,Coolum Beach,AU,-26.5333,153.1,57.34,90,10,6.13,clear sky
313,Mengcheng,CN,33.2579,116.5655,72.12,68,73,8.3,light rain
314,Nuuk,GL,64.1835,-51.7216,33.1,40,8,8.46,clear sky
315,Sao Filipe,CV,14.8961,-24.4956,80.24,74,21,5.7,few clouds
316,Vilhena,BR,-12.7406,-60.1458,101.59,17,25,4.25,scattered clouds
317,Beloha,MG,-25.1667,45.05,67.05,78,47,15.26,scattered clouds
318,Mnogovershinnyy,RU,53.9353,139.9242,38.73,97,34,3.47,scattered clouds
319,Hendek,TR,40.7994,30.7481,53.92,93,100,3.22,overcast clouds
320,Upata,VE,8.0086,-62.3989,87.26,54,10,5.39,clear sky
321,Nanlong,CN,31.3533,106.0631,72.77,94,58,6.38,broken clouds
322,Somerville,US,42.3876,-71.0995,80.28,72,75,1.99,broken clouds
323,Leningradskiy,RU,69.3833,178.4167,24.42,95,100,5.75,overcast clouds
324,Nelson Bay,AU,-32.7167,152.15,59.09,75,0,11.3,clear sky
325,Port Lincoln,AU,-34.7333,135.8667,53.94,88,0,9.24,clear sky
326,Kendari,ID,-3.945,122.4989,71.78,95,99,2.68,light rain
327,Shepsi,RU,44.0361,39.1489,59.65,79,100,10.58,light rain
328,Komsomolskiy,UZ,40.4272,71.7189,70.52,32,0,6.91,clear sky
329,Kurchum,KZ,48.5722,83.6542,44.82,44,2,9.71,clear sky
330,Fukue,JP,32.6881,128.8419,74.84,62,37,9.69,scattered clouds
331,Seymchan,RU,62.8833,152.4333,35.94,84,14,1.97,few clouds
332,Glazov,RU,58.1394,52.6584,48.81,69,95,6.06,overcast clouds
333,Kupino,RU,54.3663,77.2981,37.45,74,78,7.74,broken clouds
334,Sidlaghatta,IN,13.3881,77.8628,76.89,73,100,9.57,overcast clouds
335,Marystown,CA,47.1666,-55.1483,65.95,78,26,13.65,scattered clouds
336,Assiniboia,CA,49.6334,-105.9845,57.11,54,72,9.22,broken clouds
337,Bubaque,GW,11.2833,-15.8333,82.44,72,100,5.79,overcast clouds
338,Batticaloa,LK,7.7102,81.6924,83.53,79,99,6.11,overcast clouds
339,Dinguiraye,GN,11.3,-10.7167,84.43,61,82,2.33,broken clouds
340,Noshiro,JP,40.2039,140.0242,67.51,87,36,10.98,scattered clouds
341,Kamenka,RU,51.3223,42.7678,50.2,64,100,1.79,overcast clouds
342,Batagay-Alyta,RU,67.8006,130.4114,32.04,77,73,5.17,broken clouds
343,Laguna,US,38.421,-121.4238,81.09,56,1,0,clear sky
344,La Primavera,CO,5.4906,-70.4092,80.44,78,99,9.73,overcast clouds
345,Rapar,IN,23.5667,70.6333,84.7,71,72,13.89,broken clouds
346,Padang,ID,-0.9492,100.3543,78.85,87,50,3.31,scattered clouds
347,Oudtshoorn,ZA,-33.5907,22.2014,61.16,50,34,10.31,scattered clouds
348,Ardmore,US,34.1743,-97.1436,75.65,38,1,4,clear sky
349,La Crosse,US,43.8014,-91.2396,64.51,85,40,1.99,scattered clouds
350,Nemuro,JP,43.3236,145.575,56.43,93,100,18.16,overcast clouds
351,Bonfim,BR,3.0833,-59.95,89.55,50,60,2.73,broken clouds
352,Sept-Iles,CA,50.2001,-66.3821,52.32,90,90,3,overcast clouds
353,Aksu,CN,41.1231,80.2644,71.56,27,15,7.56,few clouds
354,Itapipoca,BR,-3.4944,-39.5786,98.55,26,66,12.46,broken clouds
355,Takoradi,GH,4.8845,-1.7554,79.84,81,90,10.07,overcast clouds
356,Lagunas,PE,-5.2269,-75.6753,91.47,47,90,1.72,overcast clouds
357,Novyy Urengoy,RU,66.0833,76.6333,35.4,97,100,8.95,light rain
358,Semnan,IR,35.5729,53.3971,82.9,13,3,6.11,clear sky
359,Kajaani,FI,64.2273,27.7285,46.45,76,90,17.27,overcast clouds
360,Tautira,PF,-17.7333,-149.15,71.62,77,0,11.36,light rain
361,Krasnorechenskiy,RU,44.6265,135.3532,48.61,97,100,1.45,overcast clouds
362,Alpena,US,45.0617,-83.4327,52.12,96,90,4,mist
363,Meulaboh,ID,4.1363,96.1285,79,84,91,2.57,overcast clouds
364,Borovoy,RU,55.4333,86.0833,38.48,87,40,0,scattered clouds
365,Beisfjord,NO,68.3751,17.5988,51.85,78,99,5.41,overcast clouds
366,Rocha,UY,-34.4833,-54.3333,58.73,80,100,4.52,overcast clouds
367,Ilulissat,GL,69.2167,-51.1,23.02,74,90,16.11,light shower snow
368,Kununurra,AU,-15.7667,128.7333,55.38,76,3,3.44,clear sky
369,Mehamn,NO,71.0357,27.8492,48.15,66,40,11.5,scattered clouds
370,Alta Floresta,BR,-9.8756,-56.0861,93.02,55,28,5.75,scattered clouds
371,Road Town,VG,18.4167,-64.6167,87.84,70,20,9.22,few clouds
372,Cherepanovo,RU,54.2222,83.381,36.1,95,98,1.12,overcast clouds
373,Motril,ES,36.7507,-3.5179,89.28,72,94,9.48,overcast clouds
374,Cheremukhovo,RU,60.3484,59.9851,39.88,88,13,2.53,few clouds
375,Stutterheim,ZA,-32.5708,27.424,61.43,23,76,5.41,broken clouds
376,Praya,CV,14.9215,-23.5087,86.54,58,20,13.8,few clouds
377,Brasov,RO,45.75,25.3333,46.35,63,100,7.78,overcast clouds
378,Cradock,ZA,-32.1642,25.6192,82.38,15,79,15.21,broken clouds
379,Bendigo,AU,-36.7667,144.2833,43.86,53,0,3.51,clear sky
380,Portland,US,45.5234,-122.6762,60.08,89,75,1.01,broken clouds
381,Ust-Nera,RU,64.5667,143.2,36.66,66,24,3.91,few clouds
382,Solec Kujawski,PL,53.0837,18.2257,59.38,77,75,16.11,broken clouds
383,Harbour Breton,CA,47.4833,-55.7983,62.6,86,29,14.38,scattered clouds
384,Laela,TZ,-8.5667,32.05,75.4,21,18,5.01,few clouds
385,Umea,SE,63.8284,20.2597,46.33,100,90,17.27,moderate rain
386,Carutapera,BR,-1.195,-46.02,88.77,52,98,9.04,overcast clouds
387,Xucheng,CN,20.35,110.1288,75.9,83,100,12.91,light rain
388,Issia,CI,6.4922,-6.5856,86.86,59,64,1.99,broken clouds
389,Namatanai,PG,-3.6667,152.4333,78.58,79,100,7,overcast clouds
390,Palmas Bellas,PA,9.2319,-80.0867,84.11,68,67,5.57,broken clouds
391,San Jeronimo,PE,-11.9472,-75.2829,49.32,83,100,2.82,overcast clouds
392,Konevo,RU,62.1215,39.3192,43.95,93,93,8.08,overcast clouds
393,Wanning,CN,18.8003,110.3967,81.05,89,98,15.1,moderate rain
394,Lianzhou,CN,24.7811,112.3825,76.51,91,3,2.37,clear sky
395,Humaita,BR,-7.5061,-63.0208,102.7,31,86,2.53,overcast clouds
396,Chapada Dos Guimaraes,BR,-15.4606,-55.7497,82.06,13,1,3.83,clear sky
397,Olavarria,AR,-36.8927,-60.3225,54.34,82,97,3.98,overcast clouds
398,Rayagada,IN,19.1667,83.4167,77,96,100,2.82,overcast clouds
399,Arkadelphia,US,34.1209,-93.0538,72.99,52,1,3.44,clear sky
400,Saint-Pierre,RE,-21.3393,55.4781,71.28,74,0,14.97,clear sky
401,Dingle,PH,10.9995,122.6711,76.06,90,89,5.12,overcast clouds
402,Robe,AU,-37.1833,139.75,56.14,86,0,19.04,clear sky
403,Brae,GB,60.3964,-1.353,49.91,65,95,14.12,overcast clouds
404,Raton,US,36.9034,-104.4391,71.64,42,1,9.22,clear sky
405,Lucapa,AO,-8.4192,20.7447,83.75,34,96,11.9,overcast clouds
406,Nizwa,OM,22.9333,57.5333,93.67,28,99,6.13,overcast clouds
407,Padampur,IN,29.6833,73.6167,78.58,81,20,7.94,few clouds
408,Atambua,ID,-9.1061,124.8925,72.25,72,88,4.09,overcast clouds
409,Trairi,BR,-3.2778,-39.2689,87.98,55,64,15.28,broken clouds
410,Ostrovnoy,RU,68.0531,39.5131,44.98,79,20,20.33,few clouds
411,Tucurui,BR,-3.7661,-49.6725,101.21,27,99,6.46,overcast clouds
412,Domoni,KM,-12.2569,44.5319,77.11,80,9,4.54,clear sky
413,Suruc,TR,36.9761,38.425,79,37,5,18.97,clear sky
414,Turukhansk,RU,65.8167,87.9833,33.44,91,100,10.33,overcast clouds
415,San Cristobal,VE,7.7669,-72.225,78.98,73,99,6.33,overcast clouds
416,Reading,GB,51.4562,-0.9711,72.61,77,40,3,scattered clouds
417,The Pas,CA,53.8251,-101.2541,55.42,88,20,10.36,few clouds
418,Plettenberg Bay,ZA,-34.0527,23.3716,62.53,70,23,11.3,few clouds
419,Am Timan,TD,11.0297,20.2827,78.87,81,100,4.74,overcast clouds
420,Manavalakurichi,IN,8.1333,77.3,82.49,84,51,17.38,broken clouds
421,Parakan,ID,-6.4191,106.0081,74.5,93,97,2.62,overcast clouds
422,Mahibadhoo,MV,3.7833,72.9667,83.57,76,100,17.47,overcast clouds
423,Prince Rupert,CA,54.3161,-130.3201,51.49,85,90,16.11,light rain
424,Oistins,BB,13.0667,-59.5333,89.69,62,75,12.66,broken clouds
425,Gizo,SB,-8.103,156.8419,80.01,77,100,2.33,overcast clouds
426,Kiunga,PG,-6.1219,141.2906,72.66,99,100,3.89,overcast clouds
427,Timbiqui,CO,2.7717,-77.6654,76.32,91,100,0.81,moderate rain
428,Harper,LR,4.375,-7.7169,81.16,77,97,8.48,light rain
429,Emet,TR,39.343,29.2585,47.8,80,95,5.41,overcast clouds
430,Griffith,US,41.5284,-87.4237,59.09,70,75,7,broken clouds
431,Mount Isa,AU,-20.7333,139.5,49.77,32,2,0,clear sky
432,Sohag,EG,26.557,31.6948,93.18,20,0,16.44,clear sky
433,Aasiaat,GL,68.7098,-52.8699,22.77,82,96,7,overcast clouds
434,West Monroe,US,32.5185,-92.1476,72.75,61,1,0,clear sky
435,Sabang,ID,5.8933,95.3214,83.01,79,92,12.44,overcast clouds
436,Songjianghe,CN,42.1859,127.479,51.31,97,100,1.23,overcast clouds
437,Yar-Sale,RU,66.8333,70.8333,40.6,75,100,14.36,overcast clouds
438,Kousseri,CM,12.0769,15.0306,91.36,49,20,6.91,few clouds
439,Natagaima,CO,3.6206,-75.0941,82.67,57,100,7.36,overcast clouds
440,Geraldton,AU,-28.7667,114.6,57.61,94,0,9.22,clear sky
441,Panaba,MX,21.2833,-88.2667,87.46,59,38,6.24,scattered clouds
442,Mugla,TR,37.2303,28.3557,68.67,48,3,18.39,clear sky
443,La Ronge,CA,55.1001,-105.2842,50.25,66,75,9.22,broken clouds
444,Kishi,NG,9.0833,3.85,78.96,83,75,1.61,moderate rain
445,Mount Gambier,AU,-37.8333,140.7667,49.91,100,90,11.5,overcast clouds
446,Nouadhibou,MR,20.931,-17.0347,76.98,69,5,20.71,sand
447,Flinders,AU,-34.5833,150.8552,61.88,67,0,7.74,clear sky
448,Ubinskoye,RU,55.3068,79.6802,32.32,90,52,5.75,broken clouds
449,Puerto Suarez,BO,-18.95,-57.8,90.16,51,0,4.61,clear sky
450,Maitum,PH,6.0392,124.4986,77.27,88,53,2.71,broken clouds
451,Havelock,US,34.8791,-76.9013,82.35,92,75,3,broken clouds
452,Lichuan,CN,30.3,108.85,63.59,95,71,3.96,broken clouds
453,Ofunato,JP,39.0717,141.7167,64.49,86,12,6.11,few clouds
454,Broken Hill,AU,-31.95,141.4333,62.31,34,4,6.91,clear sky
455,Liepaja,LV,56.5419,21.0367,55.38,88,90,14.97,moderate rain
456,Dhadar,IN,28.3305,75.0632,80.33,81,97,8.12,light rain
457,Coffs Harbour,AU,-30.3,153.1333,57.16,82,0,6.91,clear sky
458,Forio,IT,40.7342,13.8646,78.3,43,6,9.69,clear sky
459,Matagami,CA,49.7502,-77.6328,46.51,81,1,6.91,clear sky
460,Coihaique,CL,-45.5752,-72.0662,56.01,67,75,4.61,light intensity shower rain
461,Bijie,CN,27.3125,105.2942,63.1,94,7,7.72,clear sky
462,Gerede,TR,40.8008,32.1969,39.63,97,100,4.41,overcast clouds
463,Margate,GB,51.3813,1.3862,71.69,78,100,7.83,overcast clouds
464,Luanda,AO,-8.8368,13.2343,75.2,78,20,10.36,few clouds
465,Mahajanga,MG,-15.7167,46.3167,80.62,54,0,5.75,clear sky
466,Merauke,ID,-8.4667,140.3333,76.55,82,91,14.83,overcast clouds
467,Arucas,ES,28.1198,-15.5233,75.97,65,29,9.46,scattered clouds
468,Tual,ID,-5.6667,132.75,79.5,83,98,17.27,overcast clouds
469,Marawi,PH,7.9986,124.2928,67.64,96,86,0.76,overcast clouds
470,Artyom,AZ,40.4723,50.333,71.74,80,6,20.42,clear sky
471,Lima,PE,-12.0432,-77.0282,60.13,87,90,5.75,overcast clouds
472,Havre-Saint-Pierre,CA,50.2334,-63.5986,50.36,93,90,16.11,overcast clouds
473,Doraha,IN,30.8167,76.0167,73.8,85,54,4,broken clouds
474,La Rioja,ES,42.25,-2.5,70.48,49,55,10.89,broken clouds
475,Cap Malheureux,MU,-19.9842,57.6142,73.89,71,2,11.99,clear sky
476,Yulara,AU,-25.2406,130.9889,60.64,20,0,8.05,clear sky
477,Clemson,US,34.6834,-82.8374,70.21,65,1,5.75,clear sky
478,Siniscola,IT,40.5719,9.6922,78.35,71,61,6.55,broken clouds
479,Bontang,ID,0.1333,117.5,80.49,80,76,4.74,broken clouds
480,Husavik,IS,66.0449,-17.3389,42.71,63,100,9.82,light rain
481,Mackay,AU,-21.15,149.2,60.04,88,5,6.91,clear sky
482,Sikeston,US,36.8767,-89.5879,67.93,52,1,3.44,clear sky
483,Bagepalli,IN,13.7847,77.7931,75.54,73,100,10.89,overcast clouds
484,Devils Lake,US,48.1128,-98.8651,58.98,63,1,11.5,clear sky
485,Puerto Carreno,CO,6.189,-67.4859,87.13,63,92,5.57,overcast clouds
486,Caala,AO,-12.8525,15.5606,85.53,9,97,7.87,overcast clouds
487,Leshukonskoye,RU,64.8989,45.7622,41.99,87,1,6.2,clear sky
488,Tucumcari,US,35.1717,-103.725,69.94,30,1,11.5,clear sky
489,Mansa,IN,29.9833,75.3833,75.36,88,97,5.53,overcast clouds
490,Hervey Bay,AU,-25.2986,152.8535,58.03,69,0,5.28,clear sky
491,Mineral Wells,US,32.8085,-98.1128,78.51,23,3,6.44,clear sky
492,Aykhal,RU,66,111.5,33.06,80,38,5.57,scattered clouds
493,Ambovombe,MG,-25.1667,46.0833,68.92,81,59,17.65,broken clouds
494,Gorele,TR,41.0308,39.0031,63.84,94,100,11.05,moderate rain
495,Lao Cai,VN,22.4833,103.95,74.95,97,75,0.45,broken clouds
496,Las Vegas,US,36.175,-115.1372,83.68,24,1,8.05,clear sky
497,Coahuayana,MX,18.7333,-103.6833,86.92,64,3,0.25,clear sky
498,Richards Bay,ZA,-28.783,32.0377,67.51,68,77,18.28,broken clouds
499,Chabahar,IR,25.2919,60.643,82.56,82,22,4.92,few clouds
500,Palana,RU,59.1167,159.9667,39.33,84,15,4.03,few clouds
501,Ankazoabo,MG,-22.2833,44.5167,78.26,40,88,3.67,overcast clouds
502,Toccoa,US,34.5773,-83.3324,69.12,52,1,5.75,clear sky
503,Lamar,US,33.6668,-95.5836,77.52,42,1,6.91,clear sky
504,Reconquista,AR,-29.15,-59.65,76.96,37,33,9.71,scattered clouds
505,Santa Isabel Do Rio Negro,BR,-0.4139,-65.0192,89.35,56,100,3.89,overcast clouds
506,Apatou,GF,5.155,-54.3472,94.6,38,25,4.5,scattered clouds
507,Berlevag,NO,70.8578,29.0864,48.15,53,0,24.16,light rain
508,Diffa,NE,13.3154,12.6113,90.57,39,100,4.47,overcast clouds
509,Svetlogorsk,BY,52.6333,29.7333,42.42,95,100,4.34,overcast clouds
510,Maan,PH,5.9339,124.7356,78.96,85,43,1.32,scattered clouds
511,Kontagora,NG,10.3999,5.4695,82.71,72,99,3.8,overcast clouds
512,Uvalde,US,29.3669,-99.767,79.18,29,1,4.61,clear sky
513,Manuk Mangkaw,PH,4.8,119.85,82.35,76,59,6.62,broken clouds
514,Miyako,JP,39.6367,141.9525,64.69,84,1,7,clear sky
515,Boyolangu,ID,-8.1181,111.8935,75.78,91,93,3.49,overcast clouds
516,Indianola,US,41.3581,-93.5574,67.95,58,0,1.68,clear sky
517,Jumla,NP,29.2747,82.1838,59.32,94,96,1.01,overcast clouds
518,Mmathubudukwane,BW,-24.6,26.4333,81.46,25,0,4.63,clear sky
519,Puerto Ayacucho,VE,5.6639,-67.6236,83.79,76,93,6.15,overcast clouds
520,Barinas,VE,8.6226,-70.2075,84.54,64,100,5.88,overcast clouds
521,Severo-Kurilsk,RU,50.6789,156.125,47.44,91,100,21.5,light rain
522,Noyabrsk,RU,63.1994,75.4507,37.6,97,100,16.46,light rain
523,Shumikha,RU,55.2261,63.2961,40.39,66,11,6.29,few clouds
524,Codrington,AU,-38.2667,141.9667,50.32,92,10,14.88,clear sky
525,Boa Vista,BR,2.8197,-60.6733,89.58,55,40,10.36,scattered clouds
526,Tatarsk,RU,55.219,75.9828,38.1,75,100,4.56,overcast clouds
527,Doha,QA,25.2867,51.5333,97.11,54,0,3.44,clear sky
528,Valle Hermoso,MX,25.6667,-97.8333,78.94,38,9,8.12,clear sky
529,Solnechnyy,RU,50.7214,136.6319,41.67,78,10,4.72,clear sky
530,Sakakah,SA,29.9697,40.2064,90.97,18,0,12.03,clear sky
531,San Miguel,SV,13.4833,-88.1833,85.5,66,100,1.1,overcast clouds
532,San Angelo,US,31.4638,-100.437,75.58,37,1,1.01,clear sky
533,Gayeri,BF,12.6497,0.4931,92.57,42,37,2.37,scattered clouds
534,Karwar,IN,14.8,74.1333,77.04,88,100,6.82,overcast clouds
535,Inhambane,MZ,-23.865,35.3833,73.38,60,40,6.91,scattered clouds
536,Taoudenni,ML,22.6783,-3.9836,110.1,5,0,4.29,clear sky
537,Machico,PT,32.7,-16.7667,76.28,74,40,11.5,scattered clouds
538,Znamenskoye,RU,57.1281,73.8282,36.93,85,100,4.79,overcast clouds
539,San Matias,BO,-16.3667,-58.4,104.59,19,45,7.29,scattered clouds
540,Chumikan,RU,54.7183,135.315,45.61,66,0,7.45,clear sky
541,Yingcheng,CN,30.95,113.55,86.05,71,98,6.11,light rain
542,Vaitape,PF,-16.5167,-151.75,77.16,71,15,8.59,few clouds
543,Sioux Lookout,CA,50.1001,-91.917,61.18,59,20,9.22,few clouds
544,Badiraguato,MX,25.3667,-107.5167,83.7,52,8,1.66,clear sky
545,Klaksvik,FO,62.2266,-6.589,45.52,81,100,18.41,overcast clouds
546,Kuvandyk,RU,51.4781,57.3552,54.28,40,95,15.95,overcast clouds
547,Colac,AU,-38.3333,143.5833,51.62,88,8,11.27,clear sky
548,Yajalon,MX,17.2333,-92.3333,79.95,57,72,3.27,broken clouds
549,Yining,CN,29.0361,114.5636,74.91,81,41,2.24,light rain
550,Odweyne,SO,9.4092,45.064,78.94,51,83,10.89,broken clouds
551,Pericos,MX,25.05,-107.7,86.36,59,9,2.17,clear sky
552,Conde,BR,-7.2597,-34.9075,87.26,55,40,11.5,scattered clouds
553,Valenza,IT,45.0141,8.6414,76.06,57,95,3.09,overcast clouds
554,Hay River,CA,60.8156,-115.7999,40.98,93,90,17.27,light intensity drizzle
555,Gresham,US,45.4982,-122.4315,59.13,91,90,1.01,overcast clouds
556,Tacuarembo,UY,-31.7333,-55.9833,61.36,74,99,4.97,overcast clouds
557,Ukiah,US,39.1502,-123.2078,84.04,67,1,0,clear sky
558,Rincon,US,32.296,-81.2354,73.85,64,20,8.05,few clouds
559,Kamaishi,JP,39.2667,141.8833,65.3,84,2,5.75,clear sky
560,Talcahuano,CL,-36.7167,-73.1167,58.68,67,0,8.05,clear sky
561,Muleba,TZ,-1.8397,31.6544,75.47,62,43,2.68,scattered clouds
562,Visby,SE,57.6409,18.296,55.85,100,75,8.05,drizzle
563,Yabrud,SY,33.9674,36.6574,69.46,42,0,9.42,clear sky
564,Bathsheba,BB,13.2167,-59.5167,90.21,62,75,12.66,broken clouds
565,Clyde,US,41.3042,-82.9752,52.12,93,100,18.81,overcast clouds
566,Teguise,ES,29.0605,-13.564,71.82,78,40,10.36,scattered clouds
567,Pecos,US,31.4229,-103.4932,73.31,32,1,0,clear sky
568,Iquique,CL,-20.2208,-70.1431,62.64,69,6,8.37,clear sky
569,Talnakh,RU,69.4865,88.3972,34.18,76,11,4.83,few clouds
570,Beidao,CN,34.5686,105.8933,63.7,94,80,3.85,broken clouds
571,Quatre Cocos,MU,-20.2078,57.7625,73.51,79,32,15.82,scattered clouds
572,Honningsvag,NO,70.9821,25.9704,46.89,75,100,25.7,overcast clouds
573,Tezu,IN,27.9167,96.1667,75.9,80,6,4.03,clear sky
574,Peleduy,RU,59.6289,112.7406,37.33,86,100,1.23,overcast clouds
575,Gravelbourg,CA,49.8834,-106.5512,55.67,47,77,6.78,broken clouds
576,Buta,CD,2.7858,24.73,76.84,76,80,6.33,broken clouds
577,Christchurch,NZ,-43.5333,172.6333,43.92,94,40,1.01,fog
578,Ngunguru,NZ,-35.6167,174.5,56.16,87,100,18.3,overcast clouds
579,Nikki,BJ,9.9401,3.2108,78.91,81,37,6.13,light rain
580,Sokolo,ML,14.7328,-6.1219,97.43,31,62,4.9,broken clouds
581,Kaseda,JP,31.4167,130.3167,74.37,77,4,8.59,clear sky
582,Esperance,AU,-33.8667,121.9,51.64,60,79,14.99,broken clouds
583,Saltillo,MX,25.4167,-101,68.47,54,3,2.28,clear sky
584,Birjand,IR,32.8663,59.2211,79.27,6,0,9.22,clear sky
585,Peterhead,GB,57.5058,-1.7981,58.1,59,23,11.18,few clouds
586,Okha,RU,53.5739,142.9478,48.25,89,97,10.04,overcast clouds
587,Koumac,NC,-20.5667,164.2833,64.89,70,33,12.15,scattered clouds
588,Letterkenny,IE,54.95,-7.7333,60.69,82,100,11.18,overcast clouds
589,Muisne,EC,0.6,-80.0333,82.51,81,99,9.26,overcast clouds
590,Svetlyy,RU,54.675,20.1347,57.25,91,100,22.06,light rain
591,Leticia,CO,-4.2153,-69.9406,77.05,88,90,4.61,overcast clouds
592,Sisimiut,GL,66.9395,-53.6735,30.99,57,46,2.77,scattered clouds
593,Smidovich,RU,48.6,133.8167,45.19,69,0,4.34,clear sky
594,Nakhon Phanom,TH,17.3333,104.4167,74.08,91,100,4.32,overcast clouds
595,Ishinomaki,JP,38.4167,141.3,68.02,74,97,7.74,overcast clouds
596,Tikrit,IQ,34.6071,43.6782,89.96,15,0,10.07,clear sky
597,Ylivieska,FI,64.0833,24.55,48.31,69,100,15.37,overcast clouds
598,Verkhnevilyuysk,RU,63.4453,120.3167,39.65,75,100,3.87,overcast clouds
599,Vila Do Maio,CV,15.1333,-23.2167,86.79,74,79,10.38,broken clouds
600,Gushikawa,JP,26.3544,127.8686,79.83,88,20,6.91,few clouds
601,Kuandian,CN,40.7286,124.7847,52.29,94,0,4.59,clear sky
602,Mundi,IN,22.0667,76.5,78.39,85,25,7.2,scattered clouds
603,Hobyo,SO,5.3505,48.5268,78.03,85,99,23.98,overcast clouds
604,Ramshir,IR,30.8946,49.4092,96.66,8,0,6.49,clear sky
605,Kaili,ID,-3.4626,120.2147,67.59,89,100,1.25,overcast clouds
606,Malmesbury,ZA,-33.4608,18.7271,65.79,73,23,5.44,few clouds
607,Quimper,FR,48,-4.1,68.07,68,0,9.22,clear sky
608,Port Hawkesbury,CA,45.6169,-61.3485,75.09,70,20,5.01,few clouds
609,Aranos,NA,-24.1333,19.1167,89.89,5,0,10.89,clear sky
610,Luganville,VU,-15.5333,167.1667,76.87,85,87,8.41,overcast clouds
611,Kimbe,PG,-5.5502,150.1429,74.55,93,99,4.7,overcast clouds
612,Rabo De Peixe,PT,37.8,-25.5833,71.11,68,75,11.5,broken clouds
613,Tocopilla,CL,-22.092,-70.1979,67.87,64,10,10.98,clear sky
614,Moron,AR,-34.6534,-58.6198,64.99,74,95,4.18,overcast clouds
615,Mercedes,AR,-34.6515,-59.4307,64.83,86,100,2.35,overcast clouds
616,Shimoda,JP,34.6667,138.95,75.61,81,100,11.81,overcast clouds
617,Banihal,IN,33.4167,75.2,62.38,90,56,4.9,broken clouds
618,Bodden Town,KY,19.2833,-81.25,89.01,73,20,5.26,few clouds
619,Bjornevatn,NO,69.6672,29.9847,46.02,65,0,21.85,clear sky
620,Amapa,BR,1,-52,93.15,40,58,4.76,broken clouds
621,Sawakin,SD,19.1059,37.3321,90.39,56,6,3.36,clear sky
622,Rodrigues Alves,BR,-7.738,-72.6509,84.4,44,100,1.12,overcast clouds
623,Atasu,KZ,48.6814,71.6433,44.2,65,5,14.99,clear sky
624,Ulaangom,MN,49.9811,92.0667,43.43,39,55,5.7,broken clouds
625,Lazaro Cardenas,MX,17.9583,-102.2,83.23,77,7,2.15,clear sky
626,Ayr,GB,55.4627,-4.6339,59.31,88,75,14.97,broken clouds
627,Ust-Kulom,RU,61.6864,53.6902,40.69,87,11,3.94,few clouds
628,Gilbert,US,33.3528,-111.789,88.95,42,1,1.01,clear sky
629,Shelburne,CA,44.0787,-80.2041,60.67,97,89,14.23,overcast clouds
630,Loreto,MX,22.2667,-101.9667,63.57,64,17,7.36,few clouds
631,Joshimath,IN,30.5667,79.5667,65.46,88,87,1.81,overcast clouds
632,Touros,BR,-5.1989,-35.4608,88.7,59,53,16.15,broken clouds
633,Sabzevar,IR,36.2126,57.6819,87.08,16,0,6.91,clear sky
634,Turayf,SA,31.6725,38.6637,80.85,41,0,16.11,clear sky
635,Hillsboro,US,45.5229,-122.9898,59.54,84,75,6.91,broken clouds
636,Haines Junction,CA,60.7522,-137.5108,30.15,93,100,1.14,light snow
637,Selma,US,36.5708,-119.6121,78.17,60,1,6.91,haze
638,Mugumu,TZ,-1.85,34.7,68.16,66,93,5.06,overcast clouds
639,Namibe,AO,-15.1961,12.1522,68.02,86,88,4.94,overcast clouds
640,Oktyabrskoye,RU,43.0645,44.7417,53.74,94,90,4.47,overcast clouds
641,Concepcion,CL,-36.827,-73.0498,58.8,67,0,8.05,clear sky
642,Winnemucca,US,40.973,-117.7357,57.11,50,1,0,clear sky
643,Auki,SB,-8.7676,160.7034,76.14,88,63,3.29,broken clouds
644,Matara,LK,5.9485,80.5353,79.16,88,46,9.15,scattered clouds
645,Zhumadian,CN,32.9794,114.0294,78.78,59,99,5.44,light rain
646,Kingman,US,35.1894,-114.053,84.54,23,93,4.25,overcast clouds
647,Wilmington,US,34.2257,-77.9447,72.95,86,90,10.36,overcast clouds
648,Giyani,ZA,-23.3025,30.7187,73.58,26,0,5.66,clear sky
649,Constitucion,CL,-35.3333,-72.4167,62.11,56,3,10.85,clear sky
650,Abidjan,CI,5.3094,-4.0197,84.16,74,40,14.97,scattered clouds
651,Tukan,RU,53.8409,57.4552,41.09,72,81,4.32,broken clouds
652,Cetraro,IT,39.5166,15.9416,77.23,44,5,2.26,clear sky
653,Yarmouth,US,41.7057,-70.2286,80.65,77,40,8.01,scattered clouds
654,Dubai,AE,25.2582,55.3047,93.13,55,0,10.36,clear sky
655,Adrar,MR,20.5022,-10.0711,103.12,9,22,11.72,few clouds
656,Ulaanbaatar,MN,47.9077,106.8832,32.13,80,0,0,clear sky
657,Hericourt,FR,47.5731,6.7614,74.34,68,24,4.92,few clouds
658,Gorontalo,ID,0.5412,123.0595,74.79,95,95,2.8,overcast clouds
659,Southbridge,US,42.0751,-72.0334,79.23,86,27,14.32,scattered clouds
660,Yuanping,CN,38.7153,112.7575,59.68,93,100,1.12,overcast clouds
661,Saint Anthony,US,45.0205,-93.218,67.24,57,1,4,clear sky
662,Goderich,CA,43.7501,-81.7165,61.12,77,100,11.5,overcast clouds
663,Tazovskiy,RU,67.4667,78.7,33.58,76,84,10.09,broken clouds
664,Rudbar,AF,30.15,62.6,83.37,11,0,1.5,clear sky
665,Biltine,TD,14.5333,20.9167,94.93,28,7,4.34,clear sky
666,Iberia,US,29.9502,-91.7507,74.97,59,0,9.8,clear sky
667,Narrabri,AU,-30.3167,149.7833,48.29,71,0,5.75,clear sky
668,Shingu,JP,33.7333,135.9833,70.92,74,93,5.37,overcast clouds
669,Mersing,MY,2.4312,103.8405,78.71,89,64,4.61,broken clouds
670,Nevel,RU,56.0209,29.9284,40.89,93,100,6.26,overcast clouds
671,Kapatan,PH,5.9006,125.2375,78.17,85,54,2.28,broken clouds
672,Nosy Varika,MG,-20.5833,48.5333,69.57,76,4,3.94,clear sky
673,Bafra,TR,41.5678,35.9069,56.89,88,100,9.31,light rain
674,Guayaramerin,BO,-10.8368,-65.3614,89.65,51,0,5.75,clear sky
675,Ewa Beach,US,21.3156,-158.0072,76.95,72,90,5.75,overcast clouds
676,Esso,RU,55.9333,158.7,35.38,92,15,2.48,few clouds
